<?xml version="1.0" encoding="UTF-8"?>
<actions>
        <action>
            <actionName>run</actionName>
            <goals>
                <goal>process-classes</goal>
                <goal>org.codehaus.mojo:exec-maven-plugin:1.2.1:exec</goal>
            </goals>
            <properties>
                <exec.args>-Djava.library.path=.\native\ -Dorg.lwjgl.opengl.Display.allowSoftwareOpenGL=true -classpath %classpath game.SimpleSlickGame</exec.args>
                <exec.executable>java</exec.executable>
                <exec.workingdir></exec.workingdir>
            </properties>
        </action>
        <action>
            <actionName>debug</actionName>
            <goals>
                <goal>process-classes</goal>
                <goal>org.codehaus.mojo:exec-maven-plugin:1.2.1:exec</goal>
            </goals>
            <properties>
                <exec.args>-Xdebug -Xrunjdwp:transport=dt_socket,server=n,address=${jpda.address} -Djava.library.path=.\native\ -Dorg.lwjgl.opengl.Display.allowSoftwareOpenGL=true -classpath %classpath game.SimpleSlickGame</exec.args>
                <exec.executable>java</exec.executable>
                <jpda.listen>true</jpda.listen>
                <exec.workingdir></exec.workingdir>
            </properties>
        </action>
        <action>
            <actionName>profile</actionName>
            <goals>
                <goal>process-classes</goal>
                <goal>org.codehaus.mojo:exec-maven-plugin:1.2.1:exec</goal>
            </goals>
            <properties>
                <exec.args>-Djava.library.path=.\native\ -Dorg.lwjgl.opengl.Display.allowSoftwareOpenGL=true -classpath %classpath game.SimpleSlickGame</exec.args>
                <exec.executable>${profiler.java}</exec.executable>
                <exec.workingdir></exec.workingdir>
            </properties>
        </action>
    </actions>
